,energy,liveness,tempo,speechiness,acousticness,instrumentalness,danceability,duration_ms,loudness,valence,id,mood
0,0.927,0.0712,154.92,0.25,0.269,1.75e-06,0.778,231484,-3.959,0.445,6kNr36b85fjPsGVIIYhHvh,Energetic
1,0.823,0.0929,160.193,0.245,0.377,7.18e-05,0.732,326069,-7.724,0.681,4I91lJWD0Fgbo1KQ0vHJlS,Energetic
2,0.94,0.346,89.95,0.308,0.209,0.0,0.67,208464,-4.404,0.474,7vgWggk85sh6n8iMmMDZVJ,Energetic
3,0.9,0.0362,159.836,0.268,0.345,0.00406,0.741,238913,-3.634,0.665,3R3HWPQBllWXfF2WVNWbHM,Energetic
4,0.925,0.0748,79.932,0.185,0.681,0.000393,0.707,238987,-5.675,0.956,7lnRiEP7BHXuILXNY9MH8f,Energetic
5,0.802,0.0654,86.086,0.1,0.22,0.0,0.449,209640,-5.55,0.741,3RTSwqeT3UDNUhMECiJ99K,Energetic
6,0.677,0.024,112.546,0.266,0.0648,0.00071,0.648,342187,-6.262,0.548,3PK26tdYPKM3ZxEGVFZx7l,Energetic
7,0.794,0.85,75.028,0.428,0.0759,0.0,0.431,267943,-5.78,0.448,5EjVRbQFSLYyeNLlO7qGLY,Energetic
8,0.92,0.213,135.804,0.0564,0.0159,0.000915,0.55,318507,-4.057,0.668,5KGQ4YAwDV8YolJhbFPSuT,Energetic
9,0.802,0.0691,90.007,0.191,0.114,0.00215,0.841,259069,-7.887,0.751,36ZHaZcuMJafQbLKshj28u,Energetic
10,0.895,0.228,154.928,0.17,0.68,0.0282,0.69,251813,-7.328,0.835,2PcgMmmhIZA83kwIYEjR8f,Energetic
11,0.898,0.171,111.747,0.208,0.169,2.64e-05,0.694,295558,-6.007,0.701,0Ps7lWZdj1NAuyAVumclyC,Energetic
12,0.92,0.216,169.944,0.277,0.664,0.000339,0.485,285973,-6.243,0.767,6YcBBZVKYYRirfeAt6BeGA,Energetic
13,0.982,0.191,171.974,0.205,0.535,1.22e-05,0.715,270533,-5.345,0.57,4C9Pw35gedSicSDkS2jm4e,Energetic
14,0.934,0.198,79.428,0.185,0.354,0.000206,0.691,324267,-3.408,0.832,7wduEoLSXYggQqimn5LEP0,Energetic
15,0.976,0.0536,115.006,0.0953,0.324,6.85e-06,0.885,330730,-7.868,0.63,6D7VVW8TBKlvjCS2al8Tjm,Energetic
16,0.835,0.165,77.49,0.375,0.149,0.0403,0.809,204000,-7.454,0.74,5yg2zyq60SDNNskfpLIF53,Energetic
17,0.87,0.279,80.01,0.0877,0.146,1.19e-06,0.702,253987,-8.72,0.808,1fmrCrJofxprNaBotXFlJ7,Energetic
18,0.613,0.0514,130.063,0.155,0.335,3.28e-05,0.93,235233,-6.087,0.829,3Sx241Oti9kDvhb8tgJrj0,Energetic
19,0.802,0.0522,168.013,0.157,0.0647,0.0,0.687,291275,-7.078,0.65,1ISzByfoQ485o30C2UrqKG,Energetic
20,0.809,0.36,103.052,0.381,0.155,1.69e-05,0.676,320107,-10.343,0.546,7AmfSO5DbLqUU5WC8TDYfc,Energetic
21,0.899,0.111,134.933,0.18,0.00546,0.313,0.894,260040,-2.037,0.61,2ylshHMbSFJ2CavXuc8rtN,Energetic
22,0.906,0.0971,125.029,0.18,0.697,0.00482,0.869,299413,-7.386,0.864,7v3lM7VSTCBREBMDPwN6tZ,Energetic
23,0.59,0.0648,102.083,0.287,0.0835,0.000469,0.895,304787,-10.891,0.705,5KvWuqKSFy1isXgfXynAFs,Energetic
24,0.751,0.063,187.592,0.159,0.158,0.0,0.651,274307,-5.757,0.889,7qEHrdtSLnFdNOrRtLmN30,Energetic
25,0.764,0.303,148.019,0.193,0.232,0.00136,0.857,297000,-11.51,0.548,2LE0WvkrIsnfPmmdhtNS2W,Energetic
26,0.849,0.133,128.003,0.0875,0.347,9.77e-06,0.869,296250,-4.301,0.722,52DNHRmzOIvCWONXdvJNX1,Energetic
27,0.86,0.563,90.015,0.0497,0.0182,0.0,0.68,274427,-4.062,0.565,648oRMHWyP5AXrgH43IrUP,Energetic
28,0.933,0.802,154.852,0.263,0.409,1.16e-05,0.672,260129,-3.927,0.816,72m5BKpkdE4tS7VojEVN3a,Energetic
29,0.956,0.0982,94.945,0.255,0.622,1.1e-06,0.709,230253,-4.695,0.664,7w4kFO2slzHCu1qEOMaPkl,Energetic
30,0.824,0.104,83.003,0.137,0.162,2.15e-06,0.489,252200,-3.118,0.917,5PehFqsAZiix8YleUzKVKC,Energetic
31,0.811,0.0727,76.921,0.167,0.326,0.0,0.438,260800,-5.945,0.74,1hTCb3vpf1AcQxpxkuYxCV,Energetic
32,0.896,0.175,85.032,0.295,0.483,0.0,0.659,227680,-4.356,0.864,3kKHUvSrR4wx3UhRb5bXaH,Energetic
33,0.906,0.103,152.84,0.115,0.124,0.164,0.581,282000,-7.15,0.943,6QrWAimzAR8F1JrMGhKlRm,Energetic
34,0.966,0.0589,130.024,0.145,0.418,2.06e-06,0.862,287077,-5.866,0.461,6gmu4XG9t5xMltCR88SKlS,Energetic
35,0.917,0.346,160.672,0.201,0.0764,1.15e-06,0.544,258032,-5.853,0.638,1Do2hDE0etMakAEQbyOd4L,Energetic
36,0.908,0.344,104.997,0.0524,0.71,0.0423,0.796,210917,-5.581,0.785,0qawXpKTJTR8VE0jXAMczH,Energetic
37,0.885,0.0602,112.495,0.0861,0.35,0.000424,0.855,278240,-3.932,0.887,4eDrnoQ9iX6FbXAeA5Hobj,Energetic
38,0.762,0.103,171.911,0.17,0.0657,0.00225,0.623,146933,-8.046,0.702,6FFiX7EJWm2SJOjn8ajqzT,Energetic
39,0.662,0.0653,118.121,0.157,0.114,0.0,0.602,276757,-8.757,0.888,6XT0HcEyNMV2w8KgzlWiyp,Energetic
40,0.853,0.0267,79.85,0.263,0.129,0.0,0.604,303000,-8.256,0.846,6HExlCnMKR4CdHfJE2aJmg,Energetic
41,0.928,0.354,113.997,0.158,0.354,5.04e-06,0.616,242227,-3.618,0.815,7aZeFwOccZqo5EusZXAI6X,Energetic
42,0.913,0.191,110.987,0.0716,0.298,0.00194,0.742,262378,-4.119,0.73,6OSaM7Cl9j4h1hg1YY6idE,Energetic
43,0.853,0.348,132.983,0.0837,0.315,0.00471,0.816,223759,-6.401,0.936,7ENFYzur0PymEhwF15piWF,Energetic
44,0.866,0.259,124.029,0.315,0.237,0.0,0.554,275293,-2.536,0.844,3lxMMLhHcctD8jux719V14,Energetic
45,0.859,0.0701,79.953,0.113,0.4,0.000844,0.772,258000,-4.281,0.406,1hSLQTWi5io7Doq8h9vPcV,Energetic
46,0.862,0.0613,84.812,0.212,0.0947,0.00107,0.547,282760,-4.987,0.758,2XMS8RNuiyN9pYWURDL3sf,Energetic
47,0.716,0.233,99.002,0.0841,0.53,1.6e-06,0.731,334733,-9.865,0.814,6LZMyXLR6hU4RkXXeFwhNd,Energetic
48,0.815,0.0948,120.009,0.0539,0.279,0.000451,0.804,258000,-4.424,0.968,0YsBr7XFEapZmYeU5a9IFz,Energetic
49,0.855,0.264,75.003,0.161,0.503,5.37e-05,0.691,265853,-6.841,0.847,3EPxiSj3RsjMMdKCM7pthV,Energetic
50,0.904,0.0717,80.012,0.122,0.357,0.000186,0.761,284600,-7.048,0.821,6yvJxk8W65Vu5ypSNbOHu8,Energetic
51,0.763,0.043,107.049,0.586,0.367,0.0,0.643,240140,-6.771,0.88,3x5GBpM7Dy4gckH5a2VN0f,Energetic
52,0.898,0.0885,81.505,0.0634,0.0684,0.0213,0.448,252006,-8.578,0.871,0AxYx3s5hYVbGgYmoiso6B,Energetic
53,0.774,0.382,126.981,0.0792,0.0687,0.0,0.718,259045,-4.786,0.578,1NSOZUSa5lXPvESy3AydYR,Energetic
54,0.917,0.168,122.94,0.186,0.201,0.0,0.766,333600,-5.613,0.624,4ahGwgXx9T2Rn93BQSnymW,Energetic
55,0.899,0.0769,137.934,0.429,0.323,0.00683,0.679,282040,-5.243,0.698,7Bsg8wLLAqIWw22Ta8iCkr,Energetic
56,0.739,0.431,75.068,0.235,0.236,0.0,0.772,276547,-10.85,0.918,5ckLwrelwUB4JhruopRudM,Energetic
57,0.86,0.0399,167.904,0.169,0.0809,0.0,0.655,292400,-4.432,0.659,4tzRU8Fcu1uOqpddEcUOqe,Energetic
58,0.947,0.267,170.012,0.279,0.553,0.003,0.708,337200,-2.461,0.798,4yFeIf8l5kMPa2D4v7kl0G,Energetic
59,0.9,0.037,134.68,0.178,0.101,0.000428,0.856,298993,-6.738,0.824,3u3NDeXrcLDhJgqdJsBTPW,Energetic
60,0.836,0.0599,88.913,0.137,0.0431,0.0,0.705,212739,-5.71,0.849,0E4h6VPzRycF5n8jE4dT1l,Energetic
61,0.941,0.0969,130.014,0.0429,0.0847,0.853,0.806,234823,-7.314,0.878,4OoZOAGPA8ZQe2xrAa9aMQ,Energetic
62,0.95,0.169,119.921,0.247,0.0268,0.0493,0.555,254068,-8.065,0.763,6UOs09KTOGd2h7KytnaDZr,Energetic
63,0.906,0.0299,157.839,0.153,0.244,5.7e-05,0.7,248613,-6.251,0.758,1rC3KBb8TJDotyCHTOdi1Q,Energetic
64,0.94,0.0567,139.993,0.237,0.0708,6.31e-06,0.622,252353,-3.877,0.681,2aDYLbggUigB1wMMuk5XW9,Energetic
65,0.984,0.132,144.881,0.175,0.3,0.0,0.731,202023,-2.479,0.912,2ll0Hczs61IOC6Jj7igd4T,Energetic
66,0.912,0.144,110.671,0.133,0.362,0.000179,0.914,242600,-7.071,0.903,0OAj4SUdzQsjSvdTF6ycwj,Energetic
67,0.682,0.224,127.982,0.157,0.432,0.00379,0.856,301173,-8.146,0.767,3vli2UCALTW8ujkqWpiyk8,Energetic
68,0.832,0.343,131.986,0.0676,0.294,0.0,0.795,255413,-3.215,0.773,6O4o7wNL8oasn1l7pic8pp,Energetic
69,0.739,0.431,75.068,0.235,0.236,0.0,0.772,276547,-10.85,0.918,34MfU7vr3q30AppyJPv1UY,Energetic
70,0.884,0.0255,110.753,0.17,0.0851,0.0,0.53,270686,-7.969,0.717,3ClsJPnz86ccD1Ms00Cgnu,Energetic
71,0.883,0.164,120.027,0.447,0.132,0.0,0.626,279999,-4.148,0.75,4pYqXPkj0LQmKkNTKfgttd,Energetic
72,0.61,0.106,82.448,0.0724,0.0158,0.000316,0.79,242333,-7.625,0.618,65efuay5n4Qap3lp8Vlo9a,Energetic
73,0.799,0.389,133.312,0.0979,0.625,0.0,0.734,281873,-5.406,0.646,2t1hvZAQqu5LaYUv7BqXIr,Energetic
74,0.974,0.0836,175.022,0.271,0.036,0.0032,0.735,288013,-5.523,0.661,4YWWiOxPnJ55rsbKtgyuJK,Energetic
75,0.728,0.253,76.51,0.155,0.0925,0.0014,0.751,287022,-8.13,0.86,7wqjb0emCNhXXrqbI6cc7F,Energetic
76,0.943,0.206,150.003,0.352,0.243,0.0,0.475,301331,-4.364,0.609,3n2WA6kTQMaXMSN6uRsSuv,Energetic
77,0.935,0.31,135.018,0.267,0.07,0.0301,0.575,362533,-4.585,0.611,5umZ6neIVGL9iPTMsWyMR9,Energetic
78,0.74,0.077,188.798,0.515,0.245,0.0,0.676,350067,-6.106,0.503,7aIXlKqa9nMwll8s5uAU0G,Energetic
79,0.931,0.135,79.476,0.299,0.437,1.06e-05,0.865,279320,-4.798,0.753,3JNgvfMjwnAlA45Jt190rI,Energetic
80,0.951,0.331,78.78,0.118,0.0204,0.000369,0.423,259973,-1.726,0.768,4bmEs7Wlggk7DuMQhV6Fyb,Energetic
81,0.737,0.211,121.99,0.0764,0.0316,0.000322,0.827,187711,-5.473,0.873,3BhjbaGeI7E0CiIjctfdD3,Energetic
82,0.947,0.0721,130.043,0.0321,0.0906,0.0221,0.742,215076,-3.749,0.88,4mQpBIJKBpd8lcrtZ73SP8,Energetic
83,0.956,0.294,90.005,0.071,0.289,0.0,0.693,301587,-5.012,0.665,1vSXwYeKnzsVvekSpqVabx,Energetic
84,0.917,0.187,150.132,0.223,0.177,0.0,0.525,259293,-6.519,0.644,3CAGlz3CBoUUg5ydX2DoCn,Energetic
85,0.869,0.206,161.964,0.274,0.374,0.000199,0.544,255960,-4.616,0.834,2NlPuIRLy3YMN9Jb3UjDhm,Energetic
86,0.99,0.316,81.988,0.321,0.495,1.35e-06,0.659,255000,-3.123,0.513,425hbOGwCFk16TZy4orW0h,Energetic
87,0.927,0.052,159.956,0.134,0.195,0.00592,0.799,299233,-6.829,0.941,28lNs5mJWeKMuhVIeXU6Sy,Energetic
88,0.871,0.0778,130.113,0.127,0.445,0.00131,0.833,277833,-7.696,0.8,4L34pBO5yxmqb6naQPFivT,Energetic
89,0.735,0.0979,179.807,0.167,0.228,2.24e-06,0.547,275999,-5.349,0.81,3SYO2drjHOVjKoc88TanVY,Energetic
90,0.845,0.314,169.434,0.281,0.332,0.0,0.699,282000,-8.072,0.825,17t8w97umtBmeyitWE5C8Z,Energetic
91,0.914,0.0812,84.023,0.13,0.386,0.00313,0.74,327381,-7.747,0.871,6lgCke8lYWb0663BTK7J9k,Energetic
92,0.9,0.0755,155.996,0.182,0.314,0.111,0.745,239003,-4.461,0.65,24OhVPhDybh6Xf0TJElIVN,Energetic
93,0.906,0.0677,173.985,0.177,0.227,0.000247,0.721,260307,-4.544,0.96,3tvvJopWUUxG3qvUgW8Vc5,Energetic
94,0.686,0.0708,147.991,0.0416,0.0185,3.11e-05,0.741,279653,-7.085,0.577,2VzPECuzpyrb6i517pckGb,Energetic
95,0.875,0.0843,120.003,0.136,0.617,4.59e-06,0.844,246077,-4.526,0.953,1DCbtnToV2eQWqnSyoaM4l,Energetic
96,0.643,0.0997,98.984,0.236,0.00912,0.0,0.935,264667,-7.015,0.465,6SkMXIqCaFtWwtwXLHVpmz,Energetic
97,0.853,0.0999,133.107,0.174,0.485,6.09e-06,0.806,308454,-5.753,0.818,7sjSVvMeeIPJCoddBKTOyG,Energetic
98,0.849,0.0762,119.219,0.161,0.238,0.000367,0.654,262067,-8.752,0.833,44OEXE0l8fdx6oaKexx2G5,Energetic
99,0.825,0.817,144.973,0.321,0.25,7.54e-05,0.773,289724,-5.798,0.645,6fekFbmemX0Pj1E6VgR47n,Energetic
0,0.327,0.108,97.016,0.0352,0.555,0.0,0.611,312033,-15.109,0.431,5KfLr5UF3iQN0ifFMQH0ol,Relaxing
1,0.361,0.151,103.0,0.0298,0.565,0.119,0.718,316680,-9.74,0.446,13wIQbwSuQ4YFvDvtQgSVc,Relaxing
2,0.293,0.132,143.804,0.0431,0.595,0.0154,0.694,299147,-16.278,0.637,3vxy9D4qd7TO4j6Gi2zmXo,Relaxing
3,0.438,0.0862,82.012,0.164,0.0303,9.79e-06,0.766,360880,-13.101,0.331,3kjpq6QXeJTgPbC1ed8wql,Relaxing
4,0.548,0.0791,193.671,0.331,0.237,0.0,0.474,341387,-8.614,0.676,1n5gnI3Wue9WBpYFOIQNh1,Relaxing
5,0.729,0.105,127.998,0.0303,0.0117,0.000136,0.56,356719,-6.528,0.259,6A79kP682lpUXnwcl5575F,Relaxing
6,0.295,0.111,94.932,0.0379,0.912,0.00916,0.198,193268,-11.805,0.0593,20dLgt3WQuNIVvHvUmnar8,Relaxing
7,0.246,0.0977,119.836,0.03,0.834,0.00279,0.55,251000,-12.503,0.218,47Cd4WP1ZOK8WXC68kqZ03,Relaxing
8,0.478,0.111,130.052,0.0371,0.639,0.00203,0.772,348207,-11.146,0.245,76UZxtnQZvglMQQbGFYmWx,Relaxing
9,0.531,0.108,139.911,0.0336,0.687,0.0,0.6,228214,-6.5,0.308,2x1R5G71p2UsLEQtH6gtdL,Relaxing
10,0.577,0.264,90.012,0.0432,0.451,3.98e-06,0.575,282208,-6.674,0.157,5cfKBuE5XKtlaNOVjQwA9H,Relaxing
11,0.826,0.204,160.025,0.049,0.298,0.0,0.467,285250,-3.885,0.417,0zsA45R0SQPfqC5TyDOqY8,Relaxing
12,0.776,0.109,159.906,0.0807,0.141,0.0,0.587,235500,-4.892,0.606,7fec0UcxeHVe6kHIez2GSs,Relaxing
13,0.414,0.257,136.93,0.0343,0.678,2.26e-05,0.58,266053,-10.928,0.27,5RR6Q4yCrbGiRCU5YbpNaY,Relaxing
14,0.43,0.132,115.01,0.0407,0.6,2.49e-06,0.687,369333,-10.31,0.241,4vlMdXsRpAIXYggwbNHZSv,Relaxing
15,0.496,0.11,131.969,0.0508,0.845,0.0,0.721,235392,-8.063,0.217,23bpCCVsTUKviTEfoy4tbM,Relaxing
16,0.603,0.184,158.125,0.0367,0.558,0.0,0.261,352711,-6.733,0.207,7mLEUzAulFygMchoGMrP8E,Relaxing
17,0.619,0.146,90.034,0.0344,0.372,7.67e-06,0.549,251787,-6.924,0.407,6zdikHQs2PBFgGIZBxqOeV,Relaxing
18,0.515,0.11,109.891,0.0453,0.616,0.000137,0.621,216000,-9.019,0.657,7BmMMyrqkh1LFANJpJHT1r,Relaxing
19,0.586,0.12,195.092,0.0479,0.483,0.0,0.416,267341,-8.83,0.502,4yBnYuHh2ygMxtcoCUp6A1,Relaxing
20,0.29,0.54,179.779,0.0385,0.552,3.84e-06,0.393,320235,-9.136,0.296,5jkH9Pgv28mW9ve6uGtohT,Relaxing
21,0.442,0.0922,73.963,0.043,0.716,0.000788,0.57,268456,-9.656,0.53,5ghbwjKyLxrD1Q8913TlgH,Relaxing
22,0.355,0.043,101.04,0.0253,0.803,0.0,0.579,239507,-9.323,0.309,7gwuIhFmNaf3wcRWG1WadD,Relaxing
23,0.235,0.107,82.511,0.0411,0.891,2.98e-06,0.331,275504,-13.816,0.252,5KW8kOHmXqkDEdj6JyP3dJ,Relaxing
24,0.24,0.258,128.01,0.0327,0.863,0.00792,0.498,287258,-12.618,0.157,5b61qMMG0LjnwMDuvJFFqZ,Relaxing
25,0.6,0.168,120.006,0.0397,0.191,0.0,0.67,303381,-9.251,0.66,3lKfblrmg9wwRbK6y8EUkl,Relaxing
26,0.395,0.189,172.014,0.0392,0.208,0.000665,0.613,378560,-14.281,0.455,3DU8cZOlFamdmNclaHjJiy,Relaxing
27,0.558,0.186,118.007,0.0256,0.443,0.0,0.687,269832,-5.858,0.617,0srLmMJws5nv8d1n9qrtro,Relaxing
28,0.451,0.149,144.919,0.0278,0.776,0.000181,0.664,252689,-6.95,0.304,6s6evoMsDwWqjTvqbvbs5F,Relaxing
29,0.408,0.115,182.961,0.0629,0.575,0.0,0.329,268684,-10.672,0.408,2gp0OtnltLdrcNhKHVL2qM,Relaxing
30,0.343,0.0801,119.958,0.0286,0.306,4.85e-05,0.739,330200,-7.831,0.29,1XscMS790b4g5GmCnnO8HX,Relaxing
31,0.53,0.116,95.971,0.0327,0.412,4.97e-06,0.69,327067,-8.95,0.307,6dOmP7QmrdpsiEA8omsOEt,Relaxing
32,0.623,0.167,107.013,0.0442,0.116,1.38e-05,0.885,309173,-7.888,0.363,7uQlCXY5sxeyETkHZvTo0v,Relaxing
33,0.478,0.118,93.418,0.0274,0.569,0.000371,0.643,329840,-9.376,0.317,6old0mA1IHi5lw2yLv3ri6,Relaxing
34,0.532,0.103,136.962,0.0365,0.286,0.0016,0.747,374760,-8.897,0.634,2DnfC8ghXPQgn1SKPCCL6S,Relaxing
35,0.453,0.244,116.013,0.0971,0.275,4.02e-05,0.471,315493,-8.354,0.587,5UOFLYC30Ajp7woaZUHgw0,Relaxing
36,0.41,0.0883,168.061,0.0455,0.27,0.00548,0.696,314440,-9.455,0.708,3mgu1ZvnUUDDl2lDFdrKaI,Relaxing
37,0.497,0.116,142.499,0.0371,0.472,0.0,0.715,308243,-9.914,0.396,00bHxCcteaAJhU5WiP1mtf,Relaxing
38,0.426,0.0654,93.012,0.0259,0.362,0.000138,0.702,326667,-10.732,0.425,0Bmsyr5cSBRdls7yFswkhL,Relaxing
39,0.457,0.433,99.902,0.0336,0.271,2.65e-05,0.324,266640,-8.683,0.225,4LK8863ScRhhT6hitFfBI5,Relaxing
40,0.333,0.12,139.851,0.0277,0.839,0.0191,0.53,192533,-9.658,0.153,3Ajj1eKaO0fg9YWeAE5vVU,Relaxing
41,0.371,0.101,129.871,0.0291,0.891,0.000114,0.501,275093,-11.093,0.286,5PNZX8yqzqqAMPpl3UAoaP,Relaxing
42,0.571,0.193,90.986,0.0341,0.0439,0.000215,0.793,333600,-6.289,0.692,25SOVnk2agskqzqeKPcx2Q,Relaxing
43,0.652,0.391,109.989,0.0335,0.356,0.00272,0.741,326133,-7.066,0.578,1f8qyYxGtcBkFfB6jDK0C2,Relaxing
44,0.414,0.117,61.016,0.0426,0.416,2.14e-05,0.626,313028,-9.245,0.15,32j96Gl0BjQHAVdMPxin43,Relaxing
45,0.299,0.15,87.995,0.0336,0.684,2.42e-06,0.614,309107,-16.16,0.418,4ozxqvQ1b6z3ItRyYixXjx,Relaxing
46,0.641,0.392,96.128,0.0476,0.176,0.00017,0.627,304576,-7.312,0.481,5bGTH4DJiCg245xCATXZrH,Relaxing
47,0.423,0.126,91.007,0.0321,0.83,0.00141,0.696,299911,-9.243,0.432,6Eon1DjI712yg69mi3MsAd,Relaxing
48,0.667,0.114,82.875,0.0363,0.5,1.33e-06,0.618,295507,-7.8,0.402,2L7T4vKJ9Z1KJiKf7maSWi,Relaxing
49,0.318,0.166,91.074,0.0311,0.425,1.58e-06,0.639,351720,-11.589,0.594,3Cq5W6HTcwVKM4g3Et1gXW,Relaxing
50,0.424,0.169,119.823,0.0359,0.844,0.00381,0.589,396467,-12.006,0.561,7hMKAmUlUUYa5qEiHWK4bk,Relaxing
51,0.485,0.122,175.991,0.0348,0.7,3.28e-05,0.389,416320,-8.961,0.249,7mMkw0JFKnyMS6oGRT6b3O,Relaxing
52,0.596,0.247,110.055,0.0278,0.293,3.67e-05,0.665,264507,-6.969,0.644,0xttqqTj7ZAGyVkfOYxQ4F,Relaxing
53,0.436,0.197,115.917,0.0321,0.672,0.00678,0.773,322507,-10.972,0.533,2WO5nzB7QtKn9ZRc9Jkalt,Relaxing
54,0.528,0.112,92.021,0.0312,0.257,0.0019,0.706,283347,-7.431,0.634,3YfG9ch4qcYbDhwVtDuzQm,Relaxing
55,0.803,0.0741,144.024,0.0366,0.275,1.7e-05,0.746,308787,-3.813,0.831,3RVKJOoIVKXicFvNO7b2iK,Relaxing
56,0.776,0.127,85.942,0.0828,0.446,0.0,0.678,308162,-5.827,0.625,5Nuv6312XkkZd82AnnSc9g,Relaxing
57,0.446,0.147,119.994,0.0321,0.486,0.00102,0.822,320960,-8.899,0.654,5TL3UHuEBRMPbAIAOiPJmc,Relaxing
58,0.419,0.097,92.015,0.031,0.295,5.74e-06,0.68,329280,-9.157,0.181,73dPMLKVaaOSS0TWe8oNmw,Relaxing
59,0.389,0.103,134.976,0.0336,0.509,7.8e-06,0.647,313533,-10.35,0.436,5KJSI1MjQeXEBHBYMjgP41,Relaxing
60,0.66,0.131,179.983,0.0351,0.126,0.000238,0.572,387200,-7.422,0.585,7gaysiOWpGoNQocrSwa1yM,Relaxing
61,0.426,0.11,114.945,0.0742,0.418,2.23e-05,0.803,274853,-11.54,0.556,6Z8oU8xMOie24Cflh2Sw6p,Relaxing
62,0.364,0.0904,149.819,0.03,0.893,7.88e-05,0.504,208440,-9.277,0.365,6H1hnJRQOGQ9djPL3jNu9G,Relaxing
63,0.521,0.112,142.266,0.0391,0.579,3.46e-06,0.47,288360,-11.142,0.328,41R1Bncj65x9B6zL1z5BCp,Relaxing
64,0.595,0.0813,144.859,0.0273,0.262,0.0,0.489,223327,-3.788,0.459,7fttjqzmvgvpRQoOzyYng3,Relaxing
65,0.663,0.101,92.997,0.0619,0.3,2.96e-06,0.674,366507,-8.886,0.287,5jOi67yXzjpMdl6KFNWSIe,Relaxing
66,0.502,0.094,91.853,0.0405,0.675,1.67e-05,0.471,392080,-6.989,0.522,16jOVIIrpo7XV8KOnx4ZwX,Relaxing
67,0.464,0.0457,108.994,0.0254,0.716,0.0112,0.697,362533,-8.832,0.382,4ccJUGIKd3Ul2IUYetNlWB,Relaxing
68,0.705,0.0878,75.031,0.0364,0.499,0.000124,0.608,324373,-5.525,0.733,5DYfTyqUNBmOnQtljQjYk2,Relaxing
69,0.551,0.178,136.899,0.0612,0.394,0.0,0.628,315213,-6.841,0.385,4HDzsx1dJKbuL0YkffBuBm,Relaxing
70,0.539,0.116,115.004,0.0367,0.0586,0.0047,0.875,317739,-8.364,0.305,3FRLxtpSk9BxxnxdS6I4jq,Relaxing
71,0.766,0.136,112.466,0.0941,0.464,3.12e-06,0.515,274678,-7.291,0.346,0veda7gIbScyRAp2fWjDQh,Relaxing
72,0.496,0.112,82.008,0.0479,0.74,0.000347,0.699,283907,-7.88,0.75,4AFAPRCKzRN1vxhxXZn1y1,Relaxing
73,0.629,0.0941,101.058,0.0422,0.362,2.5e-06,0.783,283373,-9.753,0.837,4Va9qUpMta6PavfMwYI8MI,Relaxing
74,0.595,0.127,83.994,0.0361,0.201,0.0,0.662,347133,-6.71,0.19,31v5nWF1DsCwt8lzJWp579,Relaxing
75,0.477,0.103,149.712,0.0369,0.566,0.0,0.446,283000,-7.281,0.233,1MZbccVLcsHx8jH4wcfbBs,Relaxing
76,0.517,0.109,104.015,0.0283,0.115,1.83e-06,0.755,413425,-9.557,0.292,4g9VvOS1WpFp2FZVSzvIZA,Relaxing
77,0.65,0.228,94.988,0.0349,0.573,2.97e-05,0.483,276400,-6.752,0.637,1zAkNzJZVPrWDCnowb1vpZ,Relaxing
78,0.382,0.0825,119.958,0.0278,0.475,4.26e-06,0.664,237710,-12.704,0.5,1riuaTAbDk8tFOshvhnZcJ,Relaxing
79,0.564,0.11,149.883,0.0298,0.00967,6.5e-05,0.476,284800,-7.844,0.267,0UNQKpB23MBL2D2cjyIlE8,Relaxing
80,0.743,0.142,85.04,0.0341,0.0948,0.0,0.598,273151,-5.112,0.468,5z7IJoDX9iOavWOS1Y8zOy,Relaxing
81,0.759,0.207,141.126,0.0336,0.245,2.84e-05,0.609,356942,-9.422,0.802,6vZj02bcQqLTYRAi4jRkw7,Relaxing
82,0.695,0.113,127.992,0.0312,0.522,0.000621,0.729,256946,-8.524,0.599,45THyhjDbYhNU7bDrTTUK6,Relaxing
83,0.546,0.108,115.048,0.0262,0.463,0.0,0.642,281703,-7.325,0.531,5VEnmqF8C1JghYA2rORu76,Relaxing
84,0.439,0.11,169.878,0.0273,0.216,0.0,0.44,277948,-8.288,0.392,1Kahww4mHXIHEgLbaVUkIM,Relaxing
85,0.901,0.0577,133.039,0.0308,0.231,0.0254,0.731,251973,-5.881,0.944,1QuZBM0iHDlr1oRVyeZypC,Relaxing
86,0.493,0.111,120.019,0.0325,0.163,0.000796,0.642,296760,-9.618,0.281,3KmqCi6VD4IkonTDO1LRge,Relaxing
87,0.613,0.113,157.98,0.0431,0.0947,0.00619,0.569,301951,-9.959,0.302,7JEvkDd5QsVH4qZO4Q2gNO,Relaxing
88,0.779,0.112,149.948,0.0392,0.214,9.34e-06,0.63,240169,-4.944,0.619,6OcZhL1AbSmtC0OtlT8zmq,Relaxing
89,0.733,0.114,79.982,0.0697,0.693,0.000174,0.761,323406,-6.01,0.663,75sjXeV1gvbSUhptK16P9u,Relaxing
90,0.532,0.0889,140.175,0.0306,0.768,5.37e-05,0.506,311429,-6.494,0.456,0FTPiuMAGuvXVjeXh7g8ot,Relaxing
91,0.254,0.321,178.92,0.0382,0.753,0.0,0.508,146912,-10.467,0.634,6WLutXofgOYNEOhsPGoT5P,Relaxing
92,0.517,0.0695,106.996,0.0375,0.17,0.00549,0.898,312587,-10.897,0.786,5APtMcc2hQv61LqoOrMv0O,Relaxing
93,0.843,0.107,133.131,0.218,0.103,4.42e-05,0.607,252632,-8.15,0.582,0t0mHozF8Xsif9w8bemh9D,Relaxing
94,0.679,0.0589,99.702,0.214,0.256,0.000325,0.498,236500,-7.252,0.743,0fGclndst25Qqy8j4u5De5,Relaxing
95,0.948,0.19,111.028,0.199,0.447,2.51e-05,0.837,260698,-5.135,0.825,7n5Jcqw85WSfJHrMXsk5N2,Relaxing
96,0.902,0.108,117.994,0.043,0.146,3.13e-06,0.831,232752,-6.342,0.812,7wWyH292esGxe9QF7cOJJq,Relaxing
97,0.641,0.187,119.923,0.0335,0.0654,1.84e-05,0.823,300960,-9.838,0.939,4OdyM8G5se89nlqvHWIUgn,Relaxing
98,0.412,0.203,139.875,0.128,0.562,0.0,0.617,237793,-9.578,0.66,066zM9sFYBE7Byy1UsRwiB,Relaxing
99,0.581,0.125,149.984,0.0553,0.106,0.0,0.568,355207,-13.044,0.468,6rZSYvC4KUK1wjJWwHXsce,Relaxing
0,0.631,0.074,119.973,0.0353,0.624,0.0144,0.638,332711,-6.993,0.46,7tMn4y7eBEMcUFIWZPaHCM,Sad
1,0.67,0.0975,93.993,0.064,0.445,1.74e-06,0.62,368389,-5.795,0.46,6rtFjXnM19hFLm9sK2cUaz,Sad
2,0.535,0.148,93.021,0.0282,0.557,0.0,0.527,209032,-6.825,0.158,4Ndcwn2iAt1MdU6lpw24ZQ,Sad
3,0.513,0.123,95.015,0.0294,0.373,6.5e-06,0.47,284784,-10.076,0.477,6sPW145Y3LSXd4p1LjBOcS,Sad
4,0.619,0.146,90.034,0.0344,0.372,7.67e-06,0.549,251787,-6.924,0.407,6zdikHQs2PBFgGIZBxqOeV,Sad
5,0.683,0.252,124.931,0.0347,0.405,0.0,0.575,273449,-3.583,0.623,10eHq0shtqQxcBDggf0kxy,Sad
6,0.65,0.228,94.988,0.0349,0.573,2.97e-05,0.483,276400,-6.752,0.637,1zAkNzJZVPrWDCnowb1vpZ,Sad
7,0.643,0.103,92.939,0.0448,0.454,0.000673,0.679,364787,-4.881,0.336,7azzyq35RefxY6Ng5uFbyO,Sad
8,0.399,0.171,108.883,0.0267,0.81,0.000603,0.534,357560,-8.84,0.212,72L76gSR9yAkjSRlsj15Sz,Sad
9,0.306,0.207,102.659,0.0403,0.82,0.00544,0.451,302600,-6.325,0.262,0uVrPeEM1Q02sbGA3zJ3CC,Sad
10,0.648,0.382,107.978,0.0392,0.449,0.0,0.591,301863,-7.556,0.423,6XmBh5HSdVzEAaqzEftL9t,Sad
11,0.641,0.0673,119.996,0.0331,0.274,1.61e-05,0.661,284373,-7.039,0.538,50tSJbvj1bcvarL6rttvLQ,Sad
12,0.603,0.184,158.125,0.0367,0.558,0.0,0.261,352711,-6.733,0.207,7mLEUzAulFygMchoGMrP8E,Sad
13,0.53,0.108,139.878,0.0343,0.677,0.0,0.594,228214,-6.491,0.32,1hhLL2eWsnPtYCdDjbiRIU,Sad
14,0.498,0.237,99.021,0.0291,0.314,2.03e-05,0.341,324000,-7.466,0.384,6I1nER2VxG6uyodGFnVswe,Sad
15,0.351,0.35,124.011,0.0491,0.193,1.46e-06,0.837,326960,-14.189,0.462,3BWDyIgqYJtK1DH7cpXzdF,Sad
16,0.496,0.399,109.935,0.0277,0.431,0.0,0.574,205947,-7.153,0.61,2MwCoo4GeXpi8soWn9EiPo,Sad
17,0.432,0.119,76.499,0.0278,0.818,7.61e-06,0.563,198250,-7.862,0.348,2GYzXSeNa3Y0BfIfS1VJj3,Sad
18,0.158,0.139,109.968,0.036,0.947,0.0258,0.662,207273,-17.182,0.167,4ZVH5KGVB8g4EpMTVLyogw,Sad
19,0.588,0.131,135.84,0.0323,0.551,6.18e-06,0.614,254453,-6.155,0.431,3mFCOJxMugGr2q7KyNG0Zj,Sad
20,0.343,0.124,103.961,0.0438,0.207,0.0,0.545,365924,-13.671,0.416,5LND6uMgE2QUse43kHdMPn,Sad
21,0.442,0.0922,73.963,0.043,0.716,0.000788,0.57,268456,-9.656,0.53,0aI4SOX8BknvAfOs607FlV,Sad
22,0.596,0.247,110.055,0.0278,0.293,3.67e-05,0.665,264507,-6.969,0.644,0xttqqTj7ZAGyVkfOYxQ4F,Sad
23,0.759,0.207,141.126,0.0336,0.245,2.84e-05,0.609,356942,-9.422,0.802,6vZj02bcQqLTYRAi4jRkw7,Sad
24,0.725,0.0922,91.877,0.0466,0.38,4.62e-06,0.62,235733,-5.606,0.706,3re0HrBkLNV2lfHoTtSOgy,Sad
25,0.464,0.0457,108.994,0.0254,0.716,0.0112,0.697,362533,-8.832,0.382,4ccJUGIKd3Ul2IUYetNlWB,Sad
26,0.774,0.131,142.032,0.0569,0.843,0.0,0.455,243373,-7.744,0.215,4beibTdsFNXHq7bosci34R,Sad
27,0.748,0.373,129.857,0.0317,0.254,0.0,0.642,269772,-3.347,0.386,1iw1gPykVHNROJnE3eCPeP,Sad
28,0.44,0.0855,147.073,0.0913,0.677,1.2e-06,0.702,335787,-10.756,0.448,1lqdPJz24AiFWeo3arwPXR,Sad
29,0.531,0.105,89.901,0.0593,0.555,3.8e-06,0.43,220667,-6.841,0.662,44rACEqujZpuVCyCum2Jvy,Sad
30,0.235,0.107,82.511,0.0411,0.891,2.98e-06,0.331,275504,-13.816,0.252,5KW8kOHmXqkDEdj6JyP3dJ,Sad
31,0.306,0.0907,135.857,0.0415,0.715,0.00364,0.684,275043,-10.925,0.404,46h1M5rPglAU1Sgkd0Thmo,Sad
32,0.381,0.173,94.509,0.0254,0.775,0.0,0.553,257143,-6.173,0.213,2moQ16Jfirklpcqs28t0eS,Sad
33,0.384,0.0924,140.041,0.0284,0.814,0.0,0.609,327680,-8.417,0.553,6Nrcc2kaZ5j0ZjLWNkh7YC,Sad
34,0.479,0.16,82.819,0.0333,0.613,4.98e-05,0.654,265227,-8.994,0.522,5ADDAlD9F7outIEPDqNX8K,Sad
35,0.424,0.169,119.823,0.0359,0.844,0.00381,0.589,396467,-12.006,0.561,7hMKAmUlUUYa5qEiHWK4bk,Sad
36,0.434,0.175,111.94,0.0306,0.68,0.0134,0.655,362893,-8.585,0.509,4zTC9Wy4tMWvXeRaJwTHqH,Sad
37,0.776,0.197,100.247,0.0373,0.0268,0.0674,0.659,309000,-8.0,0.669,7mAmuoXcbyjXz4rTHEOCiG,Sad
38,0.511,0.203,123.958,0.0293,0.932,5.4e-05,0.642,85763,-7.383,0.763,7BEymcOfmrFngDh0mpRdtS,Sad
39,0.426,0.0654,93.012,0.0259,0.362,0.000138,0.702,326667,-10.732,0.425,0Bmsyr5cSBRdls7yFswkhL,Sad
40,0.314,0.07,79.43,0.0363,0.933,0.0567,0.329,260989,-11.723,0.316,2MOT0HW0Ncuc5zwvbM7QsI,Sad
41,0.532,0.103,136.962,0.0365,0.286,0.0016,0.747,374760,-8.897,0.634,2DnfC8ghXPQgn1SKPCCL6S,Sad
42,0.386,0.348,100.012,0.0315,0.746,0.00269,0.658,367747,-9.91,0.295,0f6cGe7JVOKXfTUZCvj43L,Sad
43,0.609,0.2,159.94,0.0283,0.568,0.000125,0.487,265500,-4.888,0.502,0249Wjt2twxjF96oTWgnkr,Sad
44,0.446,0.147,119.994,0.0321,0.486,0.00102,0.822,320960,-8.899,0.654,5TL3UHuEBRMPbAIAOiPJmc,Sad
45,0.485,0.122,175.991,0.0348,0.7,3.28e-05,0.389,416320,-8.961,0.249,7mMkw0JFKnyMS6oGRT6b3O,Sad
46,0.438,0.0862,82.012,0.164,0.0303,9.79e-06,0.766,360880,-13.101,0.331,3kjpq6QXeJTgPbC1ed8wql,Sad
47,0.293,0.132,143.804,0.0431,0.595,0.0154,0.694,299147,-16.278,0.637,3vxy9D4qd7TO4j6Gi2zmXo,Sad
48,0.589,0.33,116.96,0.0409,0.348,0.0,0.763,338013,-6.832,0.675,6rfAckUvNdbuSC1gFaVhDP,Sad
49,0.492,0.0907,99.006,0.031,0.0677,4.61e-05,0.662,400039,-13.155,0.84,6A8qLwIBgBSToqVv5dNb1q,Sad
50,0.505,0.084,144.82,0.0433,0.691,0.0,0.63,278069,-7.359,0.367,6t7XOZk8Hv07QJOZVHekFv,Sad
51,0.603,0.188,155.004,0.0405,0.378,0.0,0.527,304597,-3.925,0.36,5MXLGqsMbHMTKbuOOGbeGn,Sad
52,0.293,0.15,119.949,0.0303,0.901,0.425,0.55,178482,-12.413,0.321,55OWBVrrcsWEqs56IG8YIw,Sad
53,0.2,0.113,87.879,0.0321,0.849,0.00176,0.188,64286,-14.561,0.104,1Uxuizxwr1ODjC9RTiisz2,Sad
54,0.595,0.0813,144.859,0.0273,0.262,0.0,0.489,223327,-3.788,0.459,3XtgjDkVhXeGTXmNtHnwpx,Sad
55,0.524,0.128,138.047,0.0448,0.873,3.02e-06,0.647,228467,-10.385,0.37,1cBKMfO9pqwMhD2CdgiET7,Sad
56,0.775,0.353,165.921,0.12,0.348,0.0,0.688,237840,-6.527,0.531,1iBfQrxw57zfukQ43rFEWW,Sad
57,0.53,0.116,95.971,0.0327,0.412,4.97e-06,0.69,327067,-8.95,0.307,6dOmP7QmrdpsiEA8omsOEt,Sad
58,0.324,0.151,129.932,0.0321,0.923,3.35e-05,0.638,87133,-7.787,0.446,5jXrULyYKHjkAMk4TXZFoG,Sad
59,0.551,0.178,136.899,0.0612,0.394,0.0,0.628,315213,-6.841,0.385,4HDzsx1dJKbuL0YkffBuBm,Sad
60,0.727,0.103,93.022,0.0793,0.258,0.0,0.757,208871,-6.001,0.756,0CHCU726JnK7AIdbqrzN9Y,Sad
61,0.494,0.123,123.992,0.0321,0.192,1.48e-05,0.795,271080,-8.961,0.392,2wSUsJrOAumEm65TWE1jw3,Sad
62,0.522,0.0944,149.825,0.0461,0.695,8.94e-06,0.618,296813,-7.94,0.356,4co1QFnOx9cpKRp3Ru6eJF,Sad
63,0.554,0.0933,112.488,0.0328,0.601,6.3e-06,0.421,288701,-7.251,0.305,0jx2IWFfbYU4LPnQ3J36Ps,Sad
64,0.42,0.0976,139.905,0.0274,0.741,0.000257,0.651,253583,-8.341,0.159,1AbSrAwrzuC3FcDXoYi3ED,Sad
65,0.522,0.0987,120.02,0.0383,0.139,3.3e-06,0.739,277853,-8.587,0.33,0DAGFNb2Mn8jYt69rcRnsY,Sad
66,0.789,0.132,82.84,0.0337,0.501,0.0,0.58,294040,-2.703,0.393,33d0aCkd8fJUtnLTNLDOxV,Sad
67,0.534,0.0952,100.01,0.0447,0.113,1.35e-05,0.713,296900,-7.622,0.285,3kfu3KKaiTAfohtpWq1tew,Sad
68,0.426,0.11,114.945,0.0742,0.418,2.23e-05,0.803,274853,-11.54,0.556,6Z8oU8xMOie24Cflh2Sw6p,Sad
69,0.588,0.118,119.99,0.0311,0.431,0.00124,0.805,264532,-5.786,0.518,3tOR1zae8trHZweUByE0Zv,Sad
70,0.399,0.169,98.025,0.0325,0.916,0.0,0.581,124997,-9.322,0.183,16ASkQZ0cTrSdUYU1TB2nt,Sad
71,0.361,0.151,103.0,0.0298,0.565,0.119,0.718,316680,-9.74,0.446,13wIQbwSuQ4YFvDvtQgSVc,Sad
72,0.577,0.108,135.087,0.0336,0.602,2.24e-05,0.559,222873,-6.975,0.176,10qd1qV1V08UqwYvTKyUQm,Sad
73,0.277,0.0957,139.262,0.0326,0.908,2.94e-05,0.412,298733,-11.399,0.152,6Kj9YBTJ7n0JBBZrfoXWeG,Sad
74,0.722,0.285,94.918,0.0811,0.0115,5.5e-05,0.625,410509,-8.0,0.557,6DD8aywHov4nwciGoit0pJ,Sad
75,0.413,0.105,121.288,0.0357,0.976,0.0584,0.555,221707,-11.929,0.678,1QS8XCYSZ4wqTRPySHae3t,Sad
76,0.731,0.0746,80.99,0.0597,0.0811,0.0255,0.77,348291,-9.328,0.856,1ZyAks0EvxxXLNWci5bTUs,Sad
77,0.517,0.217,77.514,0.039,0.481,2.49e-05,0.67,284480,-6.963,0.615,6dZCuf6SGn2rh9q94JBLlv,Sad
78,0.188,0.0954,144.178,0.0284,0.783,0.725,0.459,193147,-13.793,0.212,3nSFnhbVEVvxFi7hhA5Nln,Sad
79,0.296,0.0954,82.975,0.0272,0.569,0.00151,0.471,263576,-10.081,0.267,3fwcv1Wd0Ry35gvWiELG0e,Sad
80,0.743,0.0964,90.009,0.036,0.252,1.2e-05,0.623,360962,-5.288,0.572,5qggtVXo4wCwDygSKnBCyS,Sad
81,0.497,0.116,142.499,0.0371,0.472,0.0,0.715,308243,-9.914,0.396,00bHxCcteaAJhU5WiP1mtf,Sad
82,0.444,0.242,119.774,0.0458,0.412,6.99e-05,0.585,240637,-9.969,0.233,0r1ppERo8Mp5iKg3lANvnB,Sad
83,0.454,0.0736,133.825,0.0755,0.497,3.83e-05,0.594,318493,-9.422,0.705,1wIfq9Zul77qAtokyLTlXr,Sad
84,0.364,0.0904,149.819,0.03,0.893,7.88e-05,0.504,208440,-9.277,0.365,6H1hnJRQOGQ9djPL3jNu9G,Sad
85,0.447,0.0738,119.98,0.0343,0.67,9.19e-05,0.858,213520,-7.917,0.256,3c1tJAYgROZEdqRfm7Wsny,Sad
86,0.585,0.115,99.835,0.0328,0.519,5.05e-06,0.569,339443,-9.321,0.375,6l3RKE4oK38heIVnR0C5MI,Sad
87,0.271,0.0887,79.743,0.029,0.869,1.44e-05,0.377,298627,-13.725,0.172,7rU7uLC3OCfxCe7Hhh6FXj,Sad
88,0.722,0.102,90.044,0.0396,0.327,5.95e-06,0.675,274129,-3.463,0.438,2cFWFZDESQC4XLJv7C6FEr,Sad
89,0.395,0.127,95.005,0.034,0.233,0.0,0.709,220000,-11.521,0.495,0h6Xsod0tukW1ZKGiqaEqx,Sad
90,0.356,0.08,142.963,0.0313,0.779,0.0,0.501,345513,-6.083,0.393,4ZhLR60lXQNwzWsLbBrMcp,Sad
91,0.661,0.111,108.03,0.0335,0.388,0.0,0.405,266251,-4.897,0.583,6PmFCzYt9fJlh1MlKLcpFs,Sad
92,0.476,0.092,142.411,0.0369,0.83,0.257,0.685,97000,-9.573,0.601,2dnAqKYsZRuNVOJ9OVH7Ov,Sad
93,0.408,0.115,182.961,0.0629,0.575,0.0,0.329,268684,-10.672,0.408,2gp0OtnltLdrcNhKHVL2qM,Sad
94,0.591,0.133,128.056,0.0292,0.463,0.0,0.536,185216,-5.377,0.347,0jCZ3xX2xZTWMUnQMk1Vig,Sad
95,0.497,0.14,115.998,0.0411,0.183,0.00019,0.698,156036,-11.646,0.643,1p3Cz7EkC6KtMTeART4ysv,Sad
96,0.482,0.0631,120.084,0.028,0.0652,0.0,0.518,241416,-4.645,0.227,6gYhbcXroSeoBAG0spjl7M,Sad
97,0.241,0.116,114.917,0.03,0.914,0.000246,0.511,298856,-13.242,0.174,0Cgc64Oj8k5AgeeiOGvh8U,Sad
98,0.253,0.112,93.112,0.0263,0.864,2.2e-06,0.472,132500,-10.554,0.245,6Eld5DFrem6tfHUY4gCmh3,Sad
99,0.475,0.313,92.374,0.0249,0.608,0.0,0.514,267280,-5.202,0.164,3Uo9rRELbWvuIvTBPL4KPq,Sad
0,0.652,0.391,109.989,0.0335,0.356,0.00272,0.741,326133,-7.066,0.578,1f8qyYxGtcBkFfB6jDK0C2,Happy
1,0.465,0.0675,102.989,0.0445,0.0554,0.0,0.823,355520,-13.877,0.957,0Gke2F402iPTgoqu5Sy71k,Happy
2,0.751,0.0892,109.008,0.0859,0.097,0.00024,0.83,265387,-8.085,0.824,5xz577hYQN7V0M8EzHnihX,Happy
3,0.374,0.0828,79.992,0.0348,0.758,0.000438,0.5,287786,-10.043,0.425,6nP69wy9Y1PonStmqt33uk,Happy
4,0.624,0.1,122.043,0.0351,0.339,3.54e-06,0.8,278971,-7.431,0.776,4ptumVX2K6QkvRAcVxRWpS,Happy
5,0.517,0.109,104.015,0.0283,0.115,1.83e-06,0.755,413425,-9.557,0.292,4g9VvOS1WpFp2FZVSzvIZA,Happy
6,0.576,0.662,55.817,0.647,0.873,3.39e-05,0.825,38272,-7.978,0.945,58Ga8u1RpcCRFyIyX0Q93x,Happy
7,0.657,0.0714,114.985,0.0345,0.663,0.0,0.654,308000,-8.806,0.586,6TEPHCFsVz4C0giqDPRFmO,Happy
8,0.593,0.121,124.074,0.0769,0.321,1.22e-06,0.527,285147,-4.924,0.572,03NMsU02fre2sqTXncIO77,Happy
9,0.859,0.185,92.934,0.2,0.331,0.0,0.777,353227,-4.798,0.615,1YzMEit17ItUmqSgqyyal0,Happy
10,0.595,0.127,83.994,0.0361,0.201,0.0,0.662,347133,-6.71,0.19,31v5nWF1DsCwt8lzJWp579,Happy
11,0.663,0.112,96.968,0.0486,0.0701,1.04e-05,0.697,242629,-7.246,0.407,5D507IC1VOAg7bKkmOblr6,Happy
12,0.591,0.105,125.056,0.0313,0.713,3.74e-05,0.721,331349,-4.977,0.675,3wFVhGanaf6riKRxsS55T7,Happy
13,0.488,0.227,99.993,0.0486,0.703,0.000415,0.828,324827,-7.282,0.863,6TXWHy6JJ5n42KFYJ8Fhps,Happy
14,0.526,0.0928,98.031,0.0359,0.665,0.0731,0.691,253733,-9.985,0.591,53Q4NAkOrshSsKdg1ZdfWX,Happy
15,0.806,0.158,102.906,0.0483,0.185,1.01e-06,0.756,373320,-5.318,0.719,5u3YzEQR2JaJtNZUXFVTDO,Happy
16,0.508,0.0934,150.1,0.0483,0.751,1.99e-05,0.7,300493,-8.461,0.376,70B5h4N91r4FSPcMxZcxOF,Happy
17,0.529,0.0921,129.955,0.0309,0.194,3.96e-06,0.602,277152,-6.332,0.184,5d411cVmXwVX8529D9CCqF,Happy
18,0.475,0.313,92.374,0.0249,0.608,0.0,0.514,267280,-5.202,0.164,3Uo9rRELbWvuIvTBPL4KPq,Happy
19,0.389,0.103,134.976,0.0336,0.509,7.8e-06,0.647,313533,-10.35,0.436,5KJSI1MjQeXEBHBYMjgP41,Happy
20,0.659,0.168,94.817,0.0477,0.0905,3.98e-05,0.473,272827,-9.292,0.368,3yU77f8CS1rcZE4gqxQCKO,Happy
21,0.545,0.182,79.871,0.0691,0.605,0.0,0.641,362281,-6.958,0.563,0ejiYX5PkX6uLFFHnPCQVi,Happy
22,0.796,0.105,128.95,0.0483,0.193,0.0,0.711,296600,-7.348,0.763,3x4mCUTDeLGS7MQzsTcUV6,Happy
23,0.502,0.094,91.853,0.0405,0.675,1.67e-05,0.471,392080,-6.989,0.522,16jOVIIrpo7XV8KOnx4ZwX,Happy
24,0.513,0.0735,113.988,0.0365,0.231,0.00855,0.801,343333,-7.826,0.581,2fsRouU9GgRh1jeObvYhBh,Happy
25,0.53,0.116,95.971,0.0327,0.412,4.97e-06,0.69,327067,-8.95,0.307,6dOmP7QmrdpsiEA8omsOEt,Happy
26,0.561,0.0986,97.016,0.0374,0.202,0.0,0.768,318267,-9.388,0.449,6vztfVJ1lTWe23YMNv6Pk1,Happy
27,0.824,0.0843,134.039,0.102,0.0584,0.00328,0.889,234150,-4.042,0.948,611QnjOnwI00lK2PhvoEE1,Happy
28,0.828,0.106,103.021,0.0987,0.203,0.00155,0.774,235693,-5.443,0.96,5TQVxYuEm8BKgZVlYYRcbT,Happy
29,0.479,0.195,143.974,0.0307,0.36,0.0,0.694,369774,-8.918,0.735,6ghhnw1yxO8uev7BxdWjbN,Happy
30,0.817,0.0931,88.02,0.0434,0.416,0.0,0.697,302293,-5.268,0.728,3720iQGNwm3jQXi7Uac7b8,Happy
31,0.517,0.0695,106.996,0.0375,0.17,0.00549,0.898,312587,-10.897,0.786,5APtMcc2hQv61LqoOrMv0O,Happy
32,0.41,0.0883,168.061,0.0455,0.27,0.00548,0.696,314440,-9.455,0.708,3mgu1ZvnUUDDl2lDFdrKaI,Happy
33,0.811,0.163,158.06,0.165,0.0787,0.000685,0.749,271859,-4.78,0.731,5Jml65AGQGRhNr1SEqNnW3,Happy
34,0.728,0.0848,86.978,0.121,0.0205,1.5e-06,0.658,385787,-7.765,0.67,5R2H02qNrNVdcc4R9In88i,Happy
35,0.562,0.0876,96.03,0.0339,0.157,0.0,0.754,299440,-4.815,0.562,4MjI2yUCVS8bReGNHNGGD4,Happy
36,0.675,0.187,139.997,0.0363,0.779,0.00113,0.756,270187,-6.742,0.85,4Qo48d2lrzBgcWk1DVsmap,Happy
37,0.731,0.0817,105.008,0.133,0.103,0.000318,0.893,293053,-5.547,0.829,3gYaRahsGcKXZuaY4IaCWA,Happy
38,0.58,0.0666,140.04,0.0287,0.71,0.939,0.475,171550,-6.439,0.407,1ZZyq71CaRuxRwclKcCH3d,Happy
39,0.326,0.106,134.545,0.0585,0.72,0.00201,0.457,244475,-12.003,0.331,7jfJuiJlYgMqSumcOzV7XT,Happy
40,0.588,0.167,94.929,0.0311,0.574,0.0443,0.514,239055,-7.433,0.499,58UL0Wq1AOKkwEaLTTGMxa,Happy
41,0.441,0.0994,140.055,0.0386,0.907,0.00664,0.43,190864,-12.672,0.51,3JKUAwsgSGmUhz7IQg1zfc,Happy
42,0.715,0.26,157.69,0.0456,0.138,0.0,0.399,237067,-4.68,0.3,54lWhyO1mesDCvdQXiafu0,Happy
43,0.46,0.0751,84.994,0.0614,0.0952,1.06e-06,0.745,322013,-9.92,0.802,7JqpYvigO9X4QY3W9QTArZ,Happy
44,0.709,0.167,102.999,0.0502,0.154,1.46e-06,0.692,310707,-10.778,0.714,00PXj8pxWLJ3apEnCPJTNI,Happy
45,0.545,0.113,108.011,0.0387,0.0852,5.11e-05,0.811,368053,-8.673,0.786,3dtn58YibpSmNtH4KHuIX9,Happy
46,0.482,0.109,119.989,0.108,0.771,0.00023,0.632,218173,-7.934,0.746,384x7qDzho8phQt5NoCofh,Happy
47,0.864,0.12,176.977,0.0508,0.4,0.0,0.551,309282,-8.356,0.869,2YizXquxf0NS3Hxow7UdxY,Happy
48,0.426,0.0654,93.012,0.0259,0.362,0.000138,0.702,326667,-10.732,0.425,0Bmsyr5cSBRdls7yFswkhL,Happy
49,0.371,0.101,129.871,0.0291,0.891,0.000114,0.501,275093,-11.093,0.286,5PNZX8yqzqqAMPpl3UAoaP,Happy
50,0.641,0.187,119.923,0.0335,0.0654,1.84e-05,0.823,300960,-9.838,0.939,4OdyM8G5se89nlqvHWIUgn,Happy
51,0.496,0.112,82.008,0.0479,0.74,0.000347,0.699,283907,-7.88,0.75,4LIJn3SG7mCCNKQc6vyy5S,Happy
52,0.705,0.0878,75.031,0.0364,0.499,0.000124,0.608,324373,-5.525,0.733,5DYfTyqUNBmOnQtljQjYk2,Happy
53,0.595,0.0813,144.859,0.0273,0.262,0.0,0.489,223327,-3.788,0.459,7fttjqzmvgvpRQoOzyYng3,Happy
54,0.65,0.228,94.988,0.0349,0.573,2.97e-05,0.483,276400,-6.752,0.637,1zAkNzJZVPrWDCnowb1vpZ,Happy
55,0.631,0.074,119.973,0.0353,0.624,0.0144,0.638,332711,-6.993,0.46,7tMn4y7eBEMcUFIWZPaHCM,Happy
56,0.411,0.111,94.96,0.113,0.737,0.0173,0.758,291413,-12.704,0.597,23Vtq1pcWGzt9ZIdaATIHr,Happy
57,0.419,0.097,92.015,0.031,0.295,5.74e-06,0.68,329280,-9.157,0.181,73dPMLKVaaOSS0TWe8oNmw,Happy
58,0.478,0.118,93.418,0.0274,0.569,0.000371,0.643,329840,-9.376,0.317,6old0mA1IHi5lw2yLv3ri6,Happy
59,0.532,0.103,136.962,0.0365,0.286,0.0016,0.747,374760,-8.897,0.634,2DnfC8ghXPQgn1SKPCCL6S,Happy
60,0.578,0.0916,136.882,0.0323,0.53,0.0,0.607,221253,-4.412,0.724,2RIycFyOBFSUKD8rPJ6nLD,Happy
61,0.597,0.226,132.91,0.041,0.464,0.0,0.706,183533,-7.045,0.41,06urexU7lv41RDdLnMzChi,Happy
62,0.641,0.174,100.019,0.035,0.224,0.0,0.67,314504,-5.956,0.345,2b9vrq9uexGqfbzwjLFjkd,Happy
63,0.446,0.147,119.994,0.0321,0.486,0.00102,0.822,320960,-8.899,0.654,5TL3UHuEBRMPbAIAOiPJmc,Happy
64,0.808,0.0765,119.963,0.12,0.0803,0.00903,0.47,345560,-3.518,0.549,0j5PDjpBsLIEQdRVSoXFBv,Happy
65,0.834,0.108,103.012,0.137,0.164,0.00021,0.876,245629,-4.653,0.788,43zT3oDEP3I5FiZWugfqCZ,Happy
66,0.735,0.0188,158.031,0.306,0.419,7.69e-06,0.792,280213,-6.385,0.967,4GhKHdOTM0Nvf2pN7cqRnC,Happy
67,0.512,0.124,167.93,0.208,0.117,0.0,0.594,299498,-12.623,0.585,41DyOdvMzFtx4KxtOQlcyV,Happy
68,0.862,0.339,100.048,0.0934,0.245,0.0,0.667,220800,-7.545,0.588,0GIvaUq2zX44ukvc0kDIPb,Happy
69,0.34,0.0956,115.063,0.037,0.789,0.0,0.643,266733,-7.919,0.495,2FEOW0RtOrgrhOn4N0DFzy,Happy
70,0.386,0.348,100.012,0.0315,0.746,0.00269,0.658,367747,-9.91,0.295,0f6cGe7JVOKXfTUZCvj43L,Happy
71,0.515,0.175,141.035,0.0745,0.638,1.32e-06,0.681,291016,-11.644,0.757,6Xejo9F1hr17aXInilcKZ7,Happy
72,0.607,0.313,157.417,0.0676,0.587,6.34e-06,0.595,271000,-7.291,0.478,668ZUFIUNRyIqOORiCfFY3,Happy
73,0.63,0.208,121.925,0.0374,0.268,0.0,0.818,306403,-8.172,0.824,2dC79mSk0SJlp1IXDBa1gq,Happy
74,0.9,0.321,142.018,0.165,0.0904,4.74e-06,0.734,320853,-4.69,0.826,7yOB0xjipPQDlcGj5PWo7I,Happy
75,0.541,0.121,129.968,0.0271,0.451,2.64e-06,0.58,276250,-5.646,0.413,6R0FwF48PO2BrdZpLeWi42,Happy
76,0.554,0.145,104.964,0.0303,0.505,0.0,0.679,282853,-7.078,0.501,22j70a4klVj3X3zWTGOsfp,Happy
77,0.826,0.139,73.226,0.0721,0.493,0.0,0.403,303750,-5.01,0.358,0ogQLrVggiaPUbHmRX5LqY,Happy
78,0.772,0.0584,149.989,0.0696,0.0155,1.97e-05,0.717,262800,-6.545,0.757,7pylid8gg0SUJUzieuaGBJ,Happy
79,0.691,0.0596,120.004,0.0588,0.29,0.00555,0.891,267120,-9.417,0.666,5PGMCQZR2AnFXSYvUxVb30,Happy
80,0.844,0.0979,119.994,0.0385,0.118,0.0123,0.793,295907,-8.593,0.591,3afXqR9J58wEFEO0rXsjKr,Happy
81,0.735,0.107,119.969,0.0322,0.37,0.0165,0.706,340067,-7.564,0.827,18ONQnZsstfBATeq0yusPN,Happy
82,0.64,0.0937,84.987,0.0321,0.167,0.00116,0.639,292960,-8.381,0.366,3XEoa8R8XtnVV67uurLZsJ,Happy
83,0.654,0.123,122.049,0.0396,0.464,5.49e-05,0.732,322862,-7.583,0.724,3Bh8VEMG1ugQgDHsuxJkat,Happy
84,0.494,0.0797,125.969,0.0351,0.76,2.46e-06,0.546,292200,-10.597,0.268,4WyPaZn24aTEowohl4jHA3,Happy
85,0.504,0.333,113.974,0.0426,0.394,0.0,0.818,216137,-10.138,0.665,1prSracOhIM1HgZY27xAxr,Happy
86,0.624,0.0989,159.926,0.0381,0.0754,0.000762,0.717,254033,-7.096,0.472,3P6zRJ409f09GI1iNwjcpa,Happy
87,0.409,0.147,135.097,0.028,0.898,1.73e-05,0.529,246067,-7.828,0.486,6n8gWl0tiqrjsrytd24prO,Happy
88,0.881,0.0293,130.052,0.319,0.349,1.39e-06,0.61,283987,-5.691,0.836,34zlGDXsee8k2Prw24Oxdv,Happy
89,0.726,0.177,113.997,0.0345,0.128,1.71e-05,0.843,356040,-5.966,0.837,1M2x5Qu14L6B3rHHq37EiN,Happy
90,0.642,0.0667,107.008,0.0371,0.106,0.000446,0.931,261618,-4.454,0.878,0TKSh7nmOBEhQe5nAOS8ZP,Happy
91,0.264,0.1,199.671,0.0415,0.635,4.02e-05,0.523,227017,-9.428,0.504,4z5aoK0yI5kgbikXoWLWfB,Happy
92,0.788,0.126,171.902,0.0531,0.127,0.000838,0.513,281427,-5.527,0.442,6FoF9iQcdGEjLTqNN06Nei,Happy
93,0.343,0.0801,119.958,0.0286,0.306,4.85e-05,0.739,330200,-7.831,0.29,1XscMS790b4g5GmCnnO8HX,Happy
94,0.613,0.104,78.154,0.0581,0.471,0.0,0.283,368107,-7.702,0.386,7xV3MCJ6YI3K4I6Jt1a9H7,Happy
95,0.843,0.361,103.994,0.0387,0.135,0.00106,0.807,273840,-4.925,0.473,0Ul2NGGDAybeXWU0RLnv83,Happy
96,0.633,0.106,87.906,0.0424,0.596,3.25e-05,0.511,356170,-8.645,0.486,3H7KkmpFSuXwrH8ICAAzMy,Happy
97,0.424,0.169,119.823,0.0359,0.844,0.00381,0.589,396467,-12.006,0.561,7hMKAmUlUUYa5qEiHWK4bk,Happy
98,0.452,0.075,104.998,0.0271,0.275,6.45e-05,0.797,322013,-8.325,0.661,3IpEJ86hrMfUcoXCk9U4h3,Happy
99,0.478,0.0594,93.911,0.0522,0.331,0.00412,0.632,314003,-11.873,0.666,43r6mwGvW1WUbB2qNnJ4Em,Happy
